balance,guardian_name,guardian_phone,User_id
1723.62,Kelli Kornacki,3739804055,65
508.2,Stanford Millwater,2338973392,4
1148.42,Jarrid Deans,7237949167,61
610.68,Frieda McKerley,6171902974,67
1072.37,Shamus Haggus,5997483895,48
17.46,Dougie Athelstan,1473814172,26
1887.08,Cori Burgyn,1808155656,20
1608.38,Marjory Arnell,2839358642,57
620.51,Dorothy Skate,7244496811,18
1008.0,Coletta Nowlan,2962459204,15
1425.08,Daisey Prisley,1626603137,1
1192.48,Karie Knappett,3304596930,71
76.96,Theresa Ivey,1147380127,13
1304.38,Yale Fearey,5337315671,54
207.69,Viviene Witter,8317884215,47
1336.0,Coriss Hollow,2679551899,61
273.53,Neila Grahamslaw,5868003041,68
347.55,Raviv Espine,8548742938,45
743.52,Elayne Chrestien,6703384853,70
877.39,Robbie Beeck,7218118628,42
1249.56,Elladine Sparwell,3471935820,74
1471.87,Mauricio Rawe,3789657325,42
929.57,Alastair Crayke,5012391248,37
1857.13,Clare Kless,4969010435,23
1665.14,Storm Ridolfi,3925691991,15
1339.71,Raf Artz,7011409308,16
812.85,Ranna Comberbach,9704094356,72
1426.78,Krystyna Schumacher,1986523001,21
1549.09,Jasper Achromov,1208058904,1
1346.57,Annis Whittington,4256771195,25
1219.72,Ginni Parslow,7954991843,44
564.22,Mireielle Morphew,2942386521,30
1967.11,Bruis Kleinmann,8875983143,43
1541.4,Lev Matthews,5923836919,23
1752.27,Mercie Ugoletti,7909994620,40
1039.33,Coralyn Verty,5649856063,15
54.61,Byran Hubery,2531999351,57
1076.06,Ervin Billingsley,6841614966,12
1468.26,Rozalie Shortin,1922528827,63
1554.64,Bili Bushill,8296877014,64
770.7,Prince Shoubridge,3522332798,21
1160.24,Teodoro Raittie,3887869798,35
614.96,Jarvis Beri,1294874227,4
88.32,Adorne Grime,4825950409,4
587.95,Delano Nekrews,2737463654,17
1936.75,Melesa Dodshun,8877876162,3
1952.06,Richy Couves,5138808847,13
1502.82,Fannie Humpatch,6672549289,67
185.72,Berti Drydale,9536478999,15
1343.3,Sumner Heart,9544523492,69
1626.49,Elvina Legat,3793895445,42
1080.07,Isabeau Turban,8948880318,20
915.27,Jany Gumary,6879080280,59
876.84,Layla Geaves,2445127634,46
1375.42,Lexine Kime,5131444752,50
1556.64,Anthea Lorraine,6355157858,24
1637.22,Nicoli Hooke,8866999423,71
755.06,Fulton Corn,9921447462,12
929.86,Leila Buttrick,7949177948,59
648.47,Faith Longmuir,5008604746,59
374.03,Tedra MacSween,4765784676,18
590.79,Darby Simonin,5052890711,24
681.47,Kliment Wines,7097275915,6
1775.83,Charyl Woolacott,8642504625,66
1173.46,Whitney Attewill,7494191071,70
37.78,Jobye Mehaffey,7928822169,15
161.36,Beverlee Wingfield,8372381949,17
462.99,Neal Kember,6542427763,75
640.72,Warner O'Kane,4653505409,9
658.6,Padgett Grahlmans,4059125874,55
609.68,Deana Mac Giolla Pheadair,7401200677,12
483.07,Kirby Longforth,1744722684,19
1062.29,Fredric Dury,4176935292,47
417.79,Dun Okenden,6168457337,40
896.23,Cynthia Walisiak,7071289038,42
223.49,Bill Anand,9238058127,21
772.76,Hollyanne Marton,2544546602,47
1327.19,Cloris Sammon,4399658674,8
776.77,Lincoln Ledwith,2592496130,2
997.43,Deck Twycross,3827188370,31
915.54,Clemmie Godfray,3803029749,23
402.09,Remy Burdis,8429509314,49
1274.88,Reggie Maidens,6712681461,50
1018.76,Randell Eaglestone,1858676423,10
1476.84,Noella Duffitt,2456704496,53
691.58,Brandais Harwick,1412953524,63
288.2,Jobyna Yeend,1102887379,3
955.83,Francine Cobleigh,7889951362,34
750.35,Elsa Easom,5107784434,19
1419.07,Isa Shaughnessy,6661416298,44
175.75,Thomasina Heeks,6239212464,50
214.98,Odella Atheis,4522940452,27
1303.93,Gabbi Solomonides,2669619665,71
1460.38,Lamond Ayree,4787153410,28
1315.1,Pen Duer,7153848489,7
144.69,Dmitri Ilyas,8102665485,1
1690.94,Nance Kaindl,8632189479,44
1016.23,Andris Coppeard,8149762802,17
1550.98,Rose Potte,4076283377,29
1827.32,Cristionna Poole,1692414012,18
1805.94,Parsifal Seeks,7748696186,54
346.98,Sydney Eichmann,2994622161,67
1236.13,Shirley Rymell,6959921693,9
567.81,Mirelle Yukhnov,5595823270,18
1988.04,Myriam Farnan,1394456754,66
1885.13,Sutherlan Letteresse,1216759786,63
783.71,Yorgo Laban,7426831961,41
664.33,Patricio Scholer,2805651736,54
422.96,Jareb Dampier,9609503089,11
1372.02,Chelsy Jurca,2778594196,39
76.52,Steward Gillian,3837093756,54
1626.33,Judy Bordone,9223802168,59
1117.77,Penelopa Clarricoates,6636078181,52
446.85,Jessie Quinlan,3039692186,3
817.87,Milli Laise,3411142112,74
979.38,Violette Seys,7819405509,22
1091.43,Jedediah Liquorish,8261093692,60
676.75,Michale Calrow,5095596196,20
265.19,Bank Garforth,9716305023,43
1355.81,Kirsteni Suff,3761843948,4
1724.52,Angelia Olney,4906196768,67
1398.86,Isidore Wilder,6166223541,67
419.29,Mitchel Chillingsworth,7192190436,12
593.23,Reiko Verdun,6042525821,21
805.31,Yorker Sunter,4939622870,72
1529.58,Hanan Febre,8924239118,55
1963.46,Andreas Shoppee,1503318539,33
1955.5,Freida Demangeon,1428111385,27
929.79,Donavon Castagnier,6864724444,64
720.39,Noemi Paterson,1816652027,71
861.37,Marylin Gennrich,5695585675,7
1999.49,Evania Weatherdon,4818109179,42
190.21,Christoph Prestland,8186126421,32
1721.03,Sayre Goodright,2771417653,51
1806.69,Pat Kersting,4056960439,43
1133.36,Penelope Rosi,3167838741,23
1324.52,Teirtza Abrahamsohn,6502847563,25
592.34,Rodge Colegate,2698733304,28
78.86,Orran Sommerled,8315918901,23
137.16,Veronique Gibbeson,7912121996,7
265.01,Lorne Sline,2958969394,22
1146.57,Linea Battson,7025212837,27
1125.57,Chandra Pagett,1658500983,47
919.07,Mar Laidel,5731984267,47
30.21,Elfrieda Glenister,6969097784,24
1516.37,Bernadine Bampford,7593826789,20
485.38,Trenna Essex,3429129489,42
1037.61,Land O'Downe,5378725564,30
956.15,Anabella Beachem,1325980950,7
381.2,Prentiss Aird,1101478978,55
384.46,Giustina Tinghill,9981000014,34
552.45,Carmel Kuhlen,6573611610,69
1014.27,Morlee Bavin,9102215466,75
1347.38,Ludovico Notley,1538650754,64
1737.0,Jareb Vanin,8322738470,6
386.77,Carlen Grigorian,4279457750,18
1091.2,Darrick Wilmott,4769655128,25
840.76,Ignace Purchon,5564340500,49
501.44,Kerry Hutchison,2213469079,62
220.53,Jennie Rockwell,5686208535,75
1845.52,Ally Cramp,1704441335,44
1186.08,Babb Gregorowicz,4369926820,47
1064.83,Nancy Waldie,3779949955,1
870.58,Meghan Whapple,4185531209,70
1778.54,Erma Brok,7522176895,40
1932.77,Candy Evans,5018868838,43
769.62,Davine Olner,7747249288,68
1368.49,Belita Hartfleet,9818119633,59
1937.18,Glori Sheeres,1223024522,6
916.11,Base Grandison,5238871727,20
742.66,Helaina Adelsberg,1887029726,35
99.09,Tally Pavis,9013592035,7
1244.82,Nobie Heatley,3437992097,28
1613.85,Natassia Mowsdill,3951673293,48
1543.75,Roi Hatherley,8689302777,71
1233.77,Zahara Juste,5824990107,42
425.31,Byran Domotor,9826885029,10
902.94,Alvy Kehoe,8689639925,30
1405.99,Ralina Livesay,7655404432,22
1949.21,Kristin Bostick,8263723648,36
1937.87,Berrie Yann,8215395712,23
1046.09,Grier Ratter,7032997579,49
912.61,Renae Morphew,8433013683,20
249.94,Nancie Simoes,3909279967,69
1888.5,Lucila Holdin,6176764928,65
1004.68,Terrijo Casarini,9682243744,57
1125.42,Garwin Tollit,3345189181,71
1630.28,Walther Fussie,8169499757,71
461.79,Tory Izhak,5249911462,18
1821.04,Zondra Birdsey,6839118286,22
674.1,Claudell Rizzotto,5134391953,2
1318.67,Loretta Caldroni,2052455447,6
1432.62,Clemmy Caswill,7136646119,69
768.08,Sheba D'Onisi,6274456020,75
224.22,Benni Dyett,7686898211,49
1076.15,Zitella Wedderburn,8323184786,72
185.15,Felecia Pickburn,3432421285,54
1222.39,Rani Haylock,7768371092,39
715.09,Hayyim Lazer,8467132055,4
1041.38,Magdalena Bartozzi,7845834391,11
1895.96,Sammy Polgreen,6373075103,72
1487.92,Gayleen Effaunt,5072183078,31
1150.59,Cob Cabotto,3271185004,30
1256.52,Woodie Townsley,6971885822,43
1147.75,Archaimbaud Walenta,6337743317,42
1633.14,Marita Westfield,6049696238,5
70.36,Leo Blackburn,8533572476,69
1097.53,Bonita Kenn,6271440929,1
484.19,Sula Greenhall,2339371114,62
790.9,Pippo Bartholin,5892949007,64
1161.51,Doll Whanstall,2542809841,46
547.73,Donetta Truluck,3753479696,16
155.24,Dilly Segot,3494398830,17
153.93,Susanne Kinchley,9076969699,7
912.89,Melli Mainstone,3146204754,43
1794.55,Kimmy Lincke,1523077176,18
961.05,Woodman Burdass,9554824984,4
404.56,Jarret Hildred,1018576819,8
1163.82,Arney Menichini,4187020378,53
43.09,Lorelei Cornelis,6989739312,47
1027.34,Heinrick Arnaldy,6406952540,73
1584.82,Jaimie Wassung,6621681208,41
1311.43,Lyndsie Abella,3959574068,71
1865.31,Almeria Gunby,7701948432,39
1348.88,Bentley Davidescu,8922369964,27
662.95,Heall Eaton,4815520102,46
1187.11,Pepi Rosenauer,6239068256,11
1230.61,Margie Chew,8215683016,8
1825.2,Thomasin Plampin,5829946895,75
1426.45,Darlleen Pearson,4903566436,69
661.24,Lana Fairfoull,3603597642,66
1601.49,Michele Chipman,5797223897,59
1327.21,Wandie Pyott,9424284883,24
176.6,Lotti Matteini,3949161020,59
843.56,Guinevere Wrightem,9055343483,37
1833.95,Maurie Newe,5895609615,37
1348.94,Michele Paula,3712492810,19
1048.61,Babita Asipenko,1363784883,29
259.18,Melodie Venturoli,2099064614,72
1287.54,Salaidh Christopherson,4334168766,46
1532.65,Domini Condon,9668220164,43
84.94,Amata Okenden,8396084196,43
152.5,Dominik Cass,6441610389,36
1656.15,Giselle Wickersham,7287643446,30
1812.37,Englebert Hanvey,2006178205,68
422.69,Calvin Bollen,3697661663,69
381.08,Eldridge Walls,7726189220,33
649.59,Galen Frondt,1477009035,28
1242.13,Moll Szabo,4486831540,14
651.15,Abbe Romans,3576025182,71
515.1,Lennard Edinburough,8791739704,22
371.4,Gaspar Bakster,2101262744,44
1457.98,Jeremy de Quesne,3755736868,57
903.44,Vidovik Ribey,6634368285,5
1063.12,Evanne Gilchrest,2212747030,73
1735.02,Ambrosius Dell 'Orto,5348347792,17
113.27,Celene Bartelot,6148619806,46
1903.74,Floyd Finnes,1575141623,63
783.61,Belle Benes,7447420538,71
550.48,Fancie Luddy,6618132746,5
1705.92,Shea Squibb,7049585124,14
846.37,Sophi Awmack,3144508531,64
1834.62,Coop Fike,6781794342,60
1730.16,Granville Rapi,7498422221,2
1613.16,Peta Lindfors,4705760440,31
1278.14,Shawna Malenoir,4121977938,28
107.87,Kiele O'Moylan,5137812085,66
1281.34,Tammie Spatig,2782949633,57
1346.84,Araldo Kingsnoad,7068995098,9
814.04,Maure Fittis,9209350997,36
754.86,Justin Dederick,4806023892,28
949.49,Melisande Eberts,7954407807,27
75.71,Davida Degnen,2541767965,57
460.1,Hyman Mellanby,2574233908,73
222.27,Cedric Mazillius,4426811497,6
842.28,Elysee Delgardo,7695154775,45
37.76,Berti Pinney,7757478028,58
1548.42,Tommy Treanor,5462267006,67
1355.46,Pembroke Ramshaw,9948179492,7
1886.49,Peyton Cisar,8543188657,33
1428.23,Kitty Karpeev,1286148399,47
1321.93,Kippar Noorwood,1695923402,39
1989.02,Rees Grahamslaw,9041244704,2
1446.16,Rena Cabrara,7404744743,30
964.53,Mureil Kembrey,1559335954,41
553.74,Myrna Doolan,8143132554,32
1709.57,Nichols Chiddy,8318759360,15
1240.31,Angie Staniford,5737086049,14
800.67,Doris Houlison,4477725147,36
1948.23,Salomi Persey,3162012690,2
1738.35,Cherin Stanley,3649347611,36
225.91,Electra Summergill,9595789509,36
1232.19,Teresina Jonke,7647057683,12
110.12,Early Dommerque,9553945971,9
636.18,Ardelia Mulkerrins,2558255107,2
1940.37,Elisha Loveard,8332605114,20
634.76,Mendel Horder,1796879982,25
1395.23,Norman Cockson,6559660524,61
1622.92,Ibbie Piscot,7117110160,62
895.5,Harris Guerriero,9876319299,62
845.05,Angeline Pottberry,6547295590,28
238.26,Charis Goodison,7618999843,46
1135.11,Barris Dumbarton,1988337544,37
415.53,Uriah Ruggieri,2272760139,50
894.52,Ferd Brookes,7471679951,13
322.17,Flor Mashro,2576257756,62
69.87,Domingo Dalgetty,7215897512,63
1255.5,Noach Chaffer,9597149717,66
1526.44,Kissie Jolliss,2567401983,45
1477.84,Consuela Tillerton,6399195259,2
1915.83,Carmine Dulanty,9499335672,25
207.7,Ira Tinsley,2563064785,2
1301.96,Clary Dionisetto,9552784849,69
1759.02,Wilhelm Instock,5873365720,67
1497.85,Jacquetta Forward,3128286474,45
1072.35,Nye Dorrins,6948138858,7
70.86,Meara Pinsent,9374391501,54
1481.85,Kristoforo Verryan,4171454391,38
1925.32,Remington Maydway,9231134338,15
133.55,Jane Sturte,7573736053,7
297.09,Alasteir Kezar,7878452715,26
647.64,Alicea Westmarland,7375907643,60
1513.61,Currie Storms,9042079664,12
1547.43,Teodoor Deares,6893017293,40
1247.07,Phylys Lilbourne,4391819892,14
1459.44,Flynn Tuxwell,2655317406,43
784.12,Llywellyn McCaughan,2071267932,42
274.42,Birgitta Nolte,1573037789,68
1189.31,Inglis Fuzzey,3604024978,36
532.04,Cordell Klinck,5179019555,16
736.8,Malynda Chew,3682147135,70
655.1,Carita Gerrelts,8016005970,27
1405.11,Camellia Wager,1246428323,72
1294.8,Nero Bickerstaff,8218189841,8
493.18,Viole Bithell,9386947626,40
1829.89,Blake Mathiassen,3942307438,14
1127.5,Selene Quail,9902664557,53
1843.66,Britt Whodcoat,3407055392,55
1946.11,Carin Batty,7216738468,50
328.07,Milty Dwight,3756657770,34
1736.5,Flora Birmingham,5314516524,11
1550.52,Hakeem Yates,6676865497,17
1179.3,Bordy Littledyke,8891035037,72
1696.47,Clair Bendik,2801588241,35
913.89,Martelle Castanaga,3003385345,22
562.14,Constance Ternault,9648897625,12
1028.3,Hedy Yeats,3549147235,49
1273.56,Tobit Haigh,8865617666,13
1046.97,Vivianna Schowenburg,2988310074,60
1370.43,Catie Benam,7832310845,61
510.11,Barnaby Castells,6914184615,15
1238.0,Lilly Gaytor,9801121228,28
383.41,Marten Blackmore,5407522747,45
1352.21,Chiquita Sirr,9741981787,67
616.11,Cyrillus Stoate,3111999834,40
1216.32,Teodorico Sollon,9791211756,71
1279.37,Stephanie Ianno,3626460979,22
688.62,Byrle Snasdell,9737932033,60
949.54,Curtice Raw,7301689089,62
1866.07,Melita Reignould,9544543387,24
605.36,Shanan Haselgrove,4527309999,74
1917.28,Lynnette Sheryn,3351764340,7
401.68,Jena Daly,5845589702,39
1437.25,Rickie Caush,2941223377,2
1752.5,Marietta Lambourn,5201933504,4
1696.39,Titus Rendbaek,1802681657,34
1974.58,Gail Volette,3694004225,62
14.61,Gerrie Olenov,1234824845,27
589.95,Nettie McClune,6238389626,9
128.51,Karry Baudet,9792451576,58
1267.01,Trudie Jenkin,5243032453,15
1908.87,Faun Macourek,5797797803,20
929.15,Beulah Stanesby,6816069431,20
400.15,Rem Grishakin,5225640342,55
340.32,Chad Starkings,3277075616,26
1690.17,Thalia Heindrick,6674828148,45
75.39,Sigmund Syversen,1379204809,58
1786.91,Cristal Coultass,1908623840,41
710.02,Raquela Keerl,9841617523,75
1021.84,Robinett McRobb,8517939252,74
294.39,Berte Klemt,8286602197,17
1166.33,Flo Fryers,2675265545,51
1062.45,Pegeen Ollie,5617947096,32
787.24,Deni Ellsom,4795984394,2
1126.88,Thatch Kropach,9336014329,66
208.01,Toby Boswood,5224426470,73
1687.34,Glenine Sorrel,3126443102,63
265.86,Harold Booy,6016995294,59
1638.25,Susy Ebourne,3825612824,44
1020.85,Jeromy Fishbie,6476108300,36
3.42,Taber Bottom,2826356561,24
989.34,Meghan Benford,3542150304,67
744.52,Harriett Livingston,1266940223,2
577.94,Ignazio Hammarberg,5657897983,53
1457.55,Hersh Bagnold,7126839545,2
332.86,Maddi Prior,4101444440,62
644.32,Hammad Carletti,7853157538,12
385.98,Obediah d'Escoffier,5061059828,6
584.76,Barrie Powton,4783945224,55
1432.47,Klarrisa Lindeman,8387790240,72
1392.12,Manya Acedo,1955539071,7
1296.13,Hedy Wetwood,5651341012,16
841.41,Kaila Moultrie,1717570043,33
988.9,Margi Odcroft,1346350108,1
1946.15,Chery Conquer,2972683877,41
146.75,Laraine Rowler,4556680614,11
688.32,Pauly Corbin,2905193519,20
1718.52,Hyacintha Leathwood,7452865602,3
400.79,Virge Gartside,2031350002,51
1044.28,Kissiah Haydon,1948737749,41
1809.88,Angy Pail,7431743357,15
1280.58,Sibylle Baseley,1327613298,34
1032.61,Ralph Kington,1985614670,45
1083.01,Barth Fenton,5276549188,33
818.03,Michal Bartolijn,6356010475,35
614.33,Urbanus Kick,2866740157,15
949.69,Paulie Dedman,7761198048,32
516.96,Donetta Duxbarry,6505954913,35
455.61,Cecilio Wakerley,7785952516,69
516.88,Sheffield Pinnick,4371018072,26
1258.34,Elisabet Woollends,2508619531,58
1242.6,Baillie Varnam,4059769288,18
1883.73,Joyce Heyburn,2071692199,42
548.6,Blane Davall,1777599503,1
1947.64,Brendis Cammack,1974105659,27
968.28,Orelia Cockerill,9675778989,74
26.26,Rey O'Donovan,9468793266,31
155.7,Elnore Glancy,7708822961,27
1109.53,Melisse Mathonnet,6697847911,8
254.94,Matthias Norgate,4614025105,56
506.47,Billie Vernau,2473478935,57
1435.11,Blondy Lightwood,6761358536,2
1159.95,Carlos Fake,6942241558,5
591.51,Robert Brighouse,4359400033,48
130.74,Chery Rudeforth,3646492646,66
1803.1,Matthaeus Howerd,5841156190,45
1292.3,Harrie Magee,7972072793,44
1812.65,Neely Hearnden,9475030688,23
284.22,Mendel Coaster,3378284448,63
1404.1,Mark Edsell,1099135264,10
1535.21,Brockie Bandy,4038285000,21
846.52,Katrine Extance,9023069059,23
914.44,Hatti Roostan,6952964873,8
1141.52,Mil Minico,7327473825,24
1235.1,Chrotoem Arpur,8385107595,54
1175.8,Denny Pawlowicz,8126452722,11
588.34,Angelica Kleine,2794928888,42
502.38,Phip Edelman,6288574063,72
1346.32,Sosanna Beauchamp,9398820008,51
590.72,Mollee Millimoe,2697818060,5
1552.33,Amber Prewer,3077672490,71
1595.0,Tye McPartlin,1375188803,29
511.4,Hamid Guinane,3792158747,8
988.85,Vittorio Saile,7018036773,7
1650.86,Blair Cordle,4123775493,74
1447.8,Beltran Iliff,3408191746,31
1862.74,Riane Noweak,7067411335,12
40.52,Nesta Durdy,8556772089,37
799.39,Ripley Overington,4012929009,42
1993.28,Claudette Sturges,7543938981,44
825.74,Karole Heinssen,5899676831,42
1551.1,Claudian Wardingley,1593566445,45
1324.03,Kassandra Deport,8518412329,22
454.99,Ivette Gleder,4138643779,29
214.93,Dunstan Elcocks,3088366118,58
348.21,Cecelia Polland,7448470945,11
1701.14,Marijn Hillyatt,5856959516,59
1401.94,Keir Rehn,4719560608,34
1957.77,Allegra De Mico,7088846231,31
1046.23,Lyndsay Icke,4981896941,33
1362.85,Eloisa Gamlen,3742666221,47
1061.98,Archibold Wharby,5162534706,45
338.63,Moria Cuckoo,6982945342,6
1839.07,Aldis Creek,6351175236,28
1832.8,Leupold Spellman,5884754295,34
1701.61,Chevy Dust,2727595090,72
1366.59,Rahel Obee,3132283120,50
6.51,Natal Bangiard,1164419472,21
815.76,Chan Bresland,9642040883,45
1338.21,Vernon Edsall,1054608291,43
1749.02,Peggie Deevey,5529235445,31
1542.12,Adrianne Dytham,4308379474,63
746.23,Abbye Lorenzetti,3063552009,21
750.04,Simone Dennert,5764355395,17
978.15,Venita Sleep,7616606332,19
203.43,Chic Alger,4628900272,70
184.68,Galven Kubiczek,4728357371,1
1803.95,Anselm Oldaker,2481135035,53
1016.91,Ebeneser Gunney,4581221469,60
1326.87,Bartholomeo Voak,8636076511,71
1347.95,Aurore Holligan,6537098337,46
1828.52,Cathleen Clinton,8239340756,68
1012.74,Emmery Iannetti,9595387938,51
328.58,Talbert Telling,9975674141,75
1891.06,Jacquenetta Blaycock,6614505763,17
1.22,Jeannie Rummins,1625267060,25
324.8,Consuelo Bissatt,4521631223,70
1286.75,Leanor Rhule,3466217011,40
1146.74,Demetris O'Siaghail,9824586107,40
1518.53,Kean Stenners,4684073875,74
1813.92,Felipe Sextone,2062640074,47
341.26,Alameda McElree,2047687459,5
1320.2,Wyatt Bispham,4436416439,14
368.32,Delbert Tedder,6046066386,54
1109.61,Mallorie Sawyer,6562274678,56
1831.24,Cher Mewrcik,9462952739,74
598.63,Em Eschalotte,5011511579,29
1004.28,Aylmer Tumility,5997682059,12
1376.23,Prudi Delph,2678118532,15
1495.69,Clayson McCandie,5984114022,21
1513.49,Dotty Judgkins,8788072919,7
80.86,Derk Keaves,1949189237,50
1600.97,Wolfie Gadney,5156975554,29
494.97,Aubree Woodgate,3928926400,63
489.26,De Dodgshun,1825013521,25
508.42,Erv Thumann,8994619105,47
1795.96,Hayley Mayte,9415524149,31
1154.65,Calv Stirland,7678460638,19
1270.36,Gianina Lamball,4937174836,17
1071.76,Oralle Gorham,5945240230,11
346.46,Law Kaes,8051162356,38
1856.11,Robby Kimblin,7386717838,72
1218.55,Aila Gook,9801750295,6
150.12,Tom Bleakley,5929119655,68
39.89,Celeste McKleod,8827583483,2
1996.47,Heddi Schild,2074069864,14
762.56,Blayne Whipple,7459716846,5
28.82,Arturo Tomisch,5498362481,48
262.45,Thornie Grills,5144795021,58
29.05,Allayne Troctor,4338369871,60
805.6,Em Ivimy,6204855450,9
1950.82,Fabe Spohr,5615978148,55
634.26,Ramsey Loache,9655791134,49
310.0,Gib Hurcombe,6717107479,74
908.47,Webster Argrave,9973172877,32
1260.62,Hersch McCague,1294165919,49
602.27,Riki Hattersley,4491515994,5
345.43,Melamie Bachelor,3404460642,59
481.04,Adrian Southall,6742092047,39
874.84,Nealon Rossi,1634092546,68
1037.62,Hinda Harriskine,1821253811,17
142.9,Natalina Scurr,3959698726,48
1298.99,Nicky Balmforth,9751442225,48
1437.7,Tedie Gouldstraw,4199990877,10
1900.29,Salomon Josipovitz,2016365982,21
1971.91,Alia Ealam,3785920078,10
423.92,Menard Le febre,4987476024,6
4.19,Isaiah Longstaff,3101744111,23
1829.96,Hazel Merton,5357092029,39
634.76,Cleopatra de Aguirre,4661344384,64
1856.82,Josy MacFaell,3076043271,51
1906.31,Lydie O'Doireidh,4098101866,18
1512.34,Sidnee Maryott,5153265888,14
525.31,Vikki McComiskie,3985230682,32
414.58,Gard Ocheltree,2129443401,21
1274.3,Avrom Checchi,4901023809,7
973.18,Elka Howel,9442477983,56
1452.57,Ryon Jencken,6717820758,64
1104.97,Julita Confort,7603106986,20
1044.94,Rock Gaynesford,8538620745,17
1717.8,Corny Hebble,1707099957,15
1858.02,Inglebert Sallings,3701564488,56
736.93,Padriac Dawtry,2942721564,9
36.69,Claudell Link,3957692243,66
192.85,Dena Maddock,6586683026,23
1016.5,Hunter Scough,1794069000,61
693.45,Gwenny De la Barre,1334863688,12
267.15,Robbie Youll,5604967068,51
1003.42,Lion Daye,2618991627,51
186.97,Micki Frean,1217097318,60
737.71,Olia Twidle,6979926639,23
318.37,Sheree Rozenbaum,1197225040,57
217.01,Vladamir Jojic,7827025035,50
737.27,Alaster Kehoe,2455954932,45
1839.99,Maryellen Cure,6444129799,39
504.56,Xylia Cottrell,1332937965,5
396.54,Davide Mathevon,5755280990,61
1495.87,Gabriell Earney,7368019923,40
1350.7,Sheppard Rolin,2368003906,12
372.35,Bertram D'Onisi,7326510936,39
967.11,Thomasine Witt,1569430940,39
1384.26,Rene Kave,5318389648,25
191.95,Ilysa Meert,2641889732,13
859.0,Clemmie Kighly,4172379334,50
1587.15,Sandro Cominoli,1676053284,31
819.29,Thorvald Stanley,2702313379,70
1846.51,Stanley Barham,7314407726,27
579.07,Elvira Wrightim,7892551475,33
1214.35,Delainey Fresson,5607218143,39
862.24,Ripley Tollady,8702616226,46
436.33,Quinton Marty,5055330835,42
1199.74,Bucky Goodwyn,6814832685,31
1198.86,Mace Jaimez,9043023038,62
65.61,Yolande Ascraft,3652857180,38
743.38,Yale Petroulis,1503521371,23
1542.14,Sara Chettle,7928154579,32
1293.42,Hilly Jenoure,7611769663,20
1290.92,Agretha Cragoe,4339370328,63
1602.19,Bartholomew Kubyszek,4705059676,50
1695.03,Fayina Dominiak,3494854134,16
280.85,Artemus Willcock,3797452430,12
187.73,Jessee Kohrs,1873279103,18
1263.63,Molly Bertl,3141870562,50
714.64,Lissi Pala,7769836210,22
116.52,Dorthy Farnie,2109055154,70
1303.2,Nixie Rodger,3646257123,67
394.6,Willie Coxon,3504268294,52
1808.4,Rona Van Daalen,3675360733,41
298.05,Hilliary Rean,1009020257,58
1775.54,Lorrie Andrzejak,6357440358,38
1082.56,Joseph Colaton,3174197307,45
175.52,Curtice Duchan,6306498418,49
1855.08,Darrel Hawkins,7912186604,69
644.83,Bess Sambidge,8651362244,41
22.4,Stan Rash,5985243199,67
589.46,Pancho Vakhrushev,4675042015,9
1776.42,Vivianne Hankin,2317590621,74
661.41,Noellyn Everingham,9305488974,40
382.26,Norene Scroyton,8549590296,66
889.93,Holt Lotze,2562241832,43
694.22,Sim Gioani,7107019573,66
482.96,Sherilyn McPhillips,4137114937,32
1807.77,Currie Proschek,6073153840,40
265.71,Reiko Sivyer,8945533660,20
1160.67,Mariejeanne Ryder,5042280429,23
1906.31,Ivonne Allchin,4882235422,74
1537.22,Niki Clifforth,1826901744,68
448.96,Weidar Lintill,7611796335,58
1075.61,Valenka McCusker,6699131109,3
529.28,Lindsey Toffetto,1396798669,45
411.09,Dorice Elis,3423735719,2
1151.99,Regan Dunkerk,7588032309,64
63.65,Jodie Simmell,1831031927,42
1937.62,Jorrie Usborn,4678845341,32
740.58,Emmalee Rubenchik,2641483920,63
674.84,Gisele de Bullion,9425388636,12
244.33,Leola Bruford,2793978042,66
344.32,Reba Zorzin,2773110188,70
1803.58,Al Sprackling,8253352345,23
505.6,Liam Soot,2464710216,21
918.22,Kaylee Malecky,5605905449,62
531.98,Cindee Cruickshank,5418671680,18
653.26,Raviv Gateley,5137385040,41
1767.78,Deeann Mabb,7237756901,54
1959.29,Lindsey Littrell,7677584590,30
23.18,Almeta Goodswen,6072829567,42
410.35,Janith Minor,3963546179,59
1220.54,Nerti Towriss,8162259613,11
33.43,Aguistin McIlwreath,8193878871,44
448.08,Hyatt Banstead,2161057775,75
1281.26,Averell Cliss,1872193829,14
1600.2,Correna Mitchell,1567944869,23
464.01,Ignace Calway,4526287300,30
272.09,Manon Kennifeck,4348436244,28
39.68,Valeda O'Kynsillaghe,4445424563,46
1207.05,Maxine Hallas,8552006070,73
1071.38,Imogene Higgoe,5871958486,66
712.68,Gretel Di Giacomo,4576256423,54
1714.16,Bryn Legier,6718414151,31
333.86,Zed Ackland,3733785879,4
1589.78,Tamara Dewer,4234872642,74
1769.97,Tristam Witherup,8606061869,5
1799.75,Walther Gatus,1599699367,72
105.1,Jere McPhate,2079995223,55
1930.21,Avivah Richmont,6134393008,23
28.49,Elwira Karoly,1634387746,67
1896.17,Delinda Densham,5026311042,70
311.67,Stu Sewall,8076847543,75
651.48,Grantley Goff,9442999573,40
1504.0,Celie Frisch,7427938256,59
483.33,Car Slowcock,1174872763,65
1651.58,Brianne Jeremiah,1181416044,6
526.98,Jena Walkowski,7389535528,66
1342.46,Otis Dyke,4131112953,18
243.24,Esmaria Laffan,6334805113,32
765.2,Izak Hariot,6338048281,42
530.57,Zane Greydon,7497834684,52
1545.65,Gerri Brisseau,2394868498,42
1923.7,Beckie Cafferty,6987381837,61
444.17,Carolee Stimpson,5061588285,31
1913.81,Yolanthe Ledger,7377382314,3
1116.66,Hannis Fenby,7571963988,72
360.33,Kristien Eley,3341745517,5
329.22,Broderick Guilliland,5398397003,74
1466.14,Hayward Gerhold,4375864862,16
1806.15,Jessamine Braham,9981700346,70
61.54,Luca Fabry,1085708501,27
1807.75,Lanette Duiged,7865530945,68
426.18,Blinnie Lambourne,8715232439,20
1700.23,Morgan Wenman,2893360937,60
1392.86,Tom Barden,4684193502,73
913.8,Collete de Keyser,5945369896,47
158.54,Ysabel Lackmann,3341513140,39
935.31,Brunhilde Bullon,9165901759,59
1906.66,Alvera Cosser,2663799679,65
657.15,Orson Gallemore,6056229007,31
90.46,Nerta Andrysek,3654607794,59
332.17,Jereme Keeri,4044183113,42
1500.85,Bealle Tingly,2762053454,32
1257.18,Madison O'Feeny,3745163002,57
1475.05,Erhard Edon,3758106185,23
294.58,Costa Dawtrey,5596802959,57
578.94,Ivie Tatersale,7904902115,21
1846.71,Augusta Garlant,7796406785,39
1608.6,Dolly Wale,4939535679,31
1350.61,Lorena Riehm,4283161147,31
1309.19,Johna Tremontana,9233173826,57
1558.18,Keven Dimnage,9781407103,20
342.31,Kimball Delaprelle,7802257504,36
837.09,Kaspar Filippazzo,8412411682,50
1766.84,Kata Digg,4867610870,33
521.29,Jenica O'Kenny,9617183564,72
1806.12,Fletcher Pedlingham,4192786741,28
1963.29,Jolyn Howerd,5504975324,23
1987.32,Skyler Mimmack,9122164864,39
1321.72,Tate Eeles,7472945620,37
259.39,Renata McCafferty,3961580609,50
696.95,Noah Braxton,7439585848,12
650.22,Ramon Dodds,9066355847,35
1761.96,Zaria Dufer,4952967131,59
1418.06,Issie Adamini,5092071470,45
1000.72,Gerianne Heindl,1856771773,14
378.43,Ricca Tweede,7044119740,70
1294.38,Felicle Studdal,1492581674,1
963.4,Worthy Marcham,4096632032,2
83.75,Pancho Scurman,8361414223,30
528.64,Alisa DeSousa,7618230352,51
1175.03,Pacorro Bernuzzi,6097665471,31
78.28,Kelci Wisden,3355149663,67
1882.85,Henrie Marlor,5863738460,21
1339.93,Jeffry Stansbie,8174338193,10
777.19,Joeann Paula,5568018086,53
1581.59,Kelcy Moreinis,1056462383,46
548.29,Job Pacher,4194635281,31
1111.61,Barn Culvey,7258977640,70
485.92,Parrnell Philipart,5224715356,34
533.57,Ara Pitsall,9479922223,14
1186.41,Marlo Eitter,5203747689,16
1206.42,Creight Mungane,6793771508,28
1263.87,Myles Cuxon,7545325437,14
1314.62,Michael Aujean,6649363885,24
1630.95,Jade Tathacott,7489516198,47
1583.07,Saxon Cauldwell,9963440931,58
466.34,Carissa Connah,7386084202,47
182.64,Reeta Vokes,5787536646,75
367.65,Ancell Martignon,3855812971,58
1009.51,Eadmund McLoney,5399405436,49
1525.48,Debra Laing,3789630057,49
1610.4,Pail Breche,1663595502,39
1625.27,Sholom Dunabie,1947857602,68
1089.45,Shandee Lipson,7845190996,11
1921.28,Hedy Gilbane,2998867048,67
42.75,Sheffie Simpole,8146306033,39
572.03,Rhetta O'Noland,4541454217,48
401.17,Consolata Sollitt,3727576157,52
1084.0,Caro Kelberman,4477474170,2
250.46,Deonne Blance,9056949024,29
1646.02,Redd Melbert,8234652717,57
894.72,Gus Michelle,1443138248,70
208.64,Eva Briddock,8178886315,32
1589.89,Parrnell Chettle,1013659266,22
751.38,Hector Twort,7974475709,35
129.49,Orrin Ghelardi,9334697372,7
1592.7,Beverlie Jahner,7316406502,15
1919.47,Marian Chasen,1453999260,10
1625.57,Jacquetta Silverwood,7545815972,62
184.28,Halimeda Piddocke,3027415284,72
527.26,Rolph Matches,5279053927,60
1148.47,Karmen Zellner,7775030708,69
654.18,Myriam Timby,9129369533,55
1143.67,Ferris Scedall,4957236395,37
1826.86,Garvey Dunphy,4474247112,73
889.24,Faith Daftor,1453150313,55
1831.46,Kris Shord,9595616581,27
1154.08,Ethan Curwood,2139052241,26
1386.66,Krystalle Housaman,7085376687,65
1267.51,Caleb Hargraves,9426079844,72
444.11,Livy Ruse,6443059870,1
909.29,Ivory Rieger,5642177243,28
637.26,Wald Trainer,2137559462,59
1314.29,Verne Klaffs,5001053093,7
208.79,Felix Ricciardello,6937991551,39
1727.53,Zaneta Kearle,3289587407,57
120.55,Ellery Face,8657644452,12
1541.88,Avictor Matthisson,4575259784,31
1800.18,Haley Skunes,1577734641,19
1539.73,Nichol Spratt,2667879609,62
1093.96,Page Marioneau,8612924048,34
205.22,Dody De Hoogh,6279802676,18
810.98,Erminie Espadate,7152285797,26
222.4,Marylynne MacCague,8057778527,66
1602.52,Orelee Gligorijevic,1912324462,39
1738.63,Etheline Andreasen,7885539983,47
1695.37,Mella Paske,5758941518,29
413.31,Curran Kelf,1282859212,16
1547.74,Doria Baskerfield,2463490045,71
879.0,Desi Toffano,3222441528,9
1944.68,Fabian Trayhorn,9337685883,9
210.56,Claudian Rustman,8518348607,26
1310.79,Robinette Handasyde,3093302102,51
1242.46,Lisabeth Peschka,8386785181,64
1565.36,Reine Gwalter,7736474902,35
516.55,Kameko Gilliatt,7807684531,69
643.24,Dolli Filippi,5532815314,34
1986.23,Ware Kubin,3527998816,20
1754.57,Bren Zavattero,8397412773,48
1590.47,Dom d'Escoffier,5605028832,25
670.55,Ardra Hubbins,1954326138,61
534.29,Georgie McCallum,9144096190,62
949.09,Bianca Maykin,5922208955,61
1730.13,Armstrong Dibling,2149575975,28
1642.8,Bernard Horwell,6887350816,24
472.81,Jami Ragbourne,3607458613,33
373.03,Fayre Houlson,5494755166,20
1519.34,Almeta Chislett,4301888038,21
1917.5,Humberto Kochel,5183455765,15
1664.03,Bellina Roose,4984734236,9
701.2,Fan Dobson,7776781803,11
987.27,Brena MacGeaney,7239219208,47
190.3,Renae Leedes,5058106002,15
1919.99,Randie Padden,8562147091,44
572.08,Demetre Filochov,3053740555,47
1872.39,Gwyneth Aujouanet,9104076175,75
888.3,Cyril Hubert,8492538289,47
1250.62,Killian Pearde,5121196207,38
1616.81,Enrichetta Simner,1785731423,7
897.84,Bryna Kepe,1814752499,50
846.2,Garnette Saltern,7575590499,66
1133.03,Leia Earley,6867936192,75
1675.43,Toinette Ewens,5362255661,9
12.45,Cally Bortoletti,9437879617,2
616.28,Manya Urey,9583561146,25
1805.8,Coralie McCoole,7963597040,18
6.4,Tedd Clementel,2158291479,6
850.8,Barnebas Labin,4699254091,4
1762.95,Carissa Furmagier,6618586310,37
248.78,Thelma Benmore,1379101579,47
916.55,Mendie Marke,7119601862,27
37.26,Di Venes,6584115578,13
1000.03,Idaline Bond,9602168513,64
1764.34,Kermy Jacobowitz,5105152416,39
636.62,Kattie Lauks,6257628620,24
1363.48,Adiana Grindrod,3883085986,70
1690.15,Llywellyn Felten,1417155779,33
774.69,Rebekah Bronot,6992926414,57
228.29,Marijo Rogier,8653801927,22
1041.99,Dov Tume,1893339329,20
745.82,Archambault Muspratt,3053413444,8
616.23,Sim Bolding,3859915987,66
838.68,Huntington Bulbeck,3681856540,55
642.67,Darcy Boc,5704257151,66
709.82,Krista Massinger,1838644755,52
1913.69,Karola Benzie,4093471684,5
1542.08,Hinze Klaassens,8213086487,60
1770.57,Ethelin Fatscher,2791798961,23
509.05,Kalina Woods,9996055192,13
1559.3,Ginger Bickers,3367706446,2
322.45,George Celes,6125338606,37
334.41,Olimpia Mougeot,9383552835,51
572.83,Katrinka Loveredge,5373978571,39
792.58,Paolo Delacourt,5693922546,42
610.64,Jennica Menichelli,3657648543,59
1284.93,Fredrika Jurries,7443491856,14
594.52,King Joss,8907340228,6
991.06,Adorne Raynard,6974166113,2
644.36,Sharlene Got,3115456562,38
875.87,Adrian Mobbs,1268005896,4
1840.44,Jerri Atwood,9717152519,54
706.78,Felic Braidon,8744929786,61
26.65,Averill Langabeer,6445616290,15
1890.13,Gawain Torrie,3495523100,53
533.72,Maggy Loren,1857822327,45
312.12,Rhona Ciccetti,1002047327,27
796.03,Sophi Fontelles,8874737920,66
366.72,Jess Lightwing,6687211919,69
555.72,Felecia Byforth,2988361196,74
463.6,Ronnie McCalum,1925798867,70
539.95,Tove Marquand,8966794807,46
1941.38,Ward Eayres,9666849885,25
222.37,Kelly Leipelt,1355181771,42
485.01,Robby De Andreis,5256285787,12
1210.98,Roscoe Gresham,2423205178,56
165.16,Carol Selman,4638474648,13
471.31,Erminie Sirette,4409398971,36
1383.66,Willow Mullins,6982289937,57
37.13,Beale Sandon,3485319120,49
497.41,Margarita Rewcassell,4916924713,42
191.85,Haze Dent,6357000321,12
707.1,Stevy Seacroft,9523002553,21
1045.54,Jeanne Flobert,1682067419,11
1360.6,Nero Benardeau,7181073137,11
1295.51,Delcina Lawley,4664417225,14
1989.92,Ardyth Malham,6569035874,37
1434.11,Hart Romanelli,8582379269,2
213.18,Raphael Gadesby,7989697490,67
714.5,Joyan Extall,7331995540,24
794.85,Winnie Walklett,8586184796,66
931.9,Darrin Hayland,9928079408,51
1158.55,Grove Haggie,9469771303,23
876.44,Jere Duquesnay,2267451239,20
1796.46,Agathe Normant,9213808984,69
1777.69,Riccardo Fairlam,4836831274,73
1429.24,Emylee Varfalameev,7964233315,69
1861.29,Blair Portriss,7627365815,4
1989.42,Gerard Aldie,3195563985,28
746.96,Etta Checkley,7059005233,74
768.75,Emelyne Ibeson,7944322215,73
587.79,Kellie Dumbelton,7569466236,2
1566.41,Leigha Secker,8278821506,15
1868.44,Rosemarie MacVay,5356719341,32
1436.22,Gerta Nelligan,6127062194,14
1307.54,Kettie Devo,2094588456,41
960.35,Tara Spencers,7508033496,29
659.59,Anallese Louth,5192559471,33
1715.36,Ulberto Shury,8653691327,10
1508.4,Flemming Spratt,3977834689,28
1532.26,Lorilyn St. Ledger,9177269165,23
234.14,Kiele Twydell,5384445961,15
578.46,Kimberly Pirdy,6953100230,5
141.68,Sharon Briggs,9681938587,16
1687.17,Anne Eidelman,6101600807,39
977.86,Cynthy Manssuer,6324012336,28
826.49,Andria Cuerdall,5975670877,44
1027.47,Barty Pinilla,8288620614,33
1166.24,Crosby Hanssmann,3764843895,20
1589.51,Gray Frantzen,7432022675,4
652.93,Jeanna Etock,1826862567,45
1082.88,Monty Scurrey,7379339058,57
1428.9,Xenia Edelman,1307491285,19
576.43,Florri Jebb,1606525709,47
363.71,Curtice Manthorpe,7335034826,68
785.67,Sibeal Crawcour,5267242161,34
1546.54,Elwood Bosher,9329511550,8
391.01,Mariel Rawstorn,4716267717,52
317.53,Natka Matusov,2761092137,17
301.0,Ondrea Alenichev,3823272609,29
611.94,Terri Troppmann,7139924040,24
594.14,Kim Heritege,8157558459,10
1495.21,Dorthy Kepp,5313396747,59
1665.89,Horace Alejandro,2205843607,2
808.94,Jammie Crookshank,4948269718,19
478.94,Elton Ventam,3945925200,65
1647.19,Towny Nevitt,6431581619,1
1334.22,Danyette Rutherforth,4148244511,1
681.86,Hilliard Winnett,6124921472,9
1870.85,Grover Wolfer,9011234388,2
1500.23,Ralph Folke,6846718197,66
1004.82,Winifield Rabbitts,1372717409,32
539.39,Gisela Sebyer,1321972280,28
177.05,Janenna Espley,4321817820,51
1492.24,Torey Rickell,5021673718,24
54.01,Kin Mc Ilory,5533259835,64
16.99,Gwenette Menendez,7254145123,53
262.89,Beret Hacquard,1486991911,38
1780.12,Adaline Blanden,2857393569,28
68.16,Isacco Torrent,8947333543,62
1905.71,Vassili Entres,5858931690,1
170.76,Ruddy Quittonden,5597808309,34
56.31,Phyllis Matusiak,2166121401,13
101.66,Chandra Cobbin,5473462556,56
1197.89,Corbie Monnelly,5011030320,10
1406.01,Valerie Raun,2248278140,38
1710.32,Cesar Chaloner,6296597888,53
92.73,Katharina Drage,6238063562,70
700.08,Neron Dowall,2632838295,38
696.25,Briant Stickells,4494331039,36
119.79,Aloisia Dickenson,7542542110,54
1853.23,Maddie Whitecross,3864855560,33
1867.76,Brok Aphale,9082156178,42
285.29,Maria Oppery,9924839472,5
1224.45,Jarrid Antonowicz,4251905539,4
209.91,Filmore Ellacott,1008343411,45
819.2,Latia Palfrey,2499951956,36
1068.87,Ginnie Abazi,5718845510,36
136.95,Querida Pinsent,2401926842,45
296.61,Carmita Fireman,8262217263,22
1851.83,Cthrine Berrygun,3056776092,5
1020.08,Brianna Orgill,8416585313,74
934.41,Vinita Gypps,2984046496,30
1128.6,Vivie Greet,8025644394,31
402.36,Edvard Marchelli,2834514596,68
70.4,Georgy Gooderham,9616677225,32
320.49,Dulcie Meneghelli,2057179744,54
230.42,Genovera Purviss,3824412795,9
1428.51,Nico Grundwater,5532903675,13
509.95,Tate Benedicte,7708605186,14
1800.32,Mirna Spreull,7092216678,37
1759.27,Anna-diane Hinckes,6462383090,11
1934.03,Willey Canadas,8324482277,71
12.93,Car Midden,4569716522,9
931.8,Chas Holworth,8792344346,44
904.07,Gayla McPhilip,2026544203,57
1085.82,Findlay Yurygyn,6478250152,71
219.19,Marney Whittall,9271648239,13
1594.97,Katrinka Padula,9445882733,27
63.91,Chrysa Coyish,3212401190,11
926.56,Wake Handling,3579120710,55
1654.25,Joaquin Howland,7199865127,20
751.79,Rosabelle Sykora,3013647174,6
1472.33,Hy Capehorn,6937019493,61
